INSERT INTO CURSO (CUR_NRC,ASIG_ID,CUR_DIAS,CUR_HORA,DOC_ID) VALUES
	 (14556,2,'Martes, Jueves',TIMESTAMP'1970-01-01 17:30:00','L00458231'),
	 (14554,1,'Lunes, Miércoles, Viernes',TIMESTAMP'1970-01-01 19:30:00','L00789521');

INSERT INTO ASIGNATURA (ASIG_ID,ASIG_NOMBRE) VALUES
	 (1,'Arquitectura de Software'),
	 (2,'Tecnologías Emergentes');

INSERT INTO USUARIO (ID,FIRSTNAME,LASTNAME,PASSWORD,"ROLE",USERNAME) VALUES
	 ('L00478596','Gustavo','Salazar','$2a$10$o37Vrq94uWRqy9n/lUSMIuJj4ILqih5TrTNKLF4TvKVBxanBRIlBe','DOCENTE','gsalazar'),
	 ('L00387551','Sebastian','Jaramillo','$2a$10$kYc20FeoX9XH/HK4aT9SL.1S7SN5JZx.zwnd1CCeAq7BRPa9kma/6','ESTUDIANTE','hsjaramillo3');

INSERT INTO PERIODO (PER_ID,DESCRIPCION,ESTADO) VALUES
	 (1,'202351-PREGRADO S-II NOV 23 - MAR 24','ACTIVO');

INSERT INTO CURSO_ESTUDIANTE (CUR_EST_CODIGO,CUR_NRC,EST_ID,EVAL_ESTADO,VERSION,EVAL_ID) VALUES
	 (4,14556,'L00387551','TERMINADA',1,2),
	 (3,14554,'L00387551','TERMINADA',2,2);

INSERT INTO FORMULARIO (FORM_ID,FORM_DESCRIPCION,FORM_NOMBRE) VALUES
	 (1,'Heteroevaluación','Heteroevaluación'),
	 (21,'Autoevaluación','Autoevaluación'),
	 (41,'Coevaluación por pares','Coevaluación por pares'),
	 (42,'Coevaluación directiva','Coevaluación directiva');

INSERT INTO PREGUNTA (PRE_ID,FORM_ID,PRE_TEXT) VALUES
	 ('HET001',1,'Pregunta 1'),
	 ('HET002',1,'Pregunta 2'),
	 ('HET003',1,'Pregunta 3'),
	 ('AUT001',21,'Retroalimentacion 1'),
	 ('AUT002',21,'Retroalimentacion 2'),
	 ('AUT003',21,'Retroalimentacion 3'),
	 ('COE001',41,'Coevaluación 1'),
	 ('COE002',41,'Coevaluación 2'),
	 ('COE003',41,'Coevaluación 3'),
	 ('DIR001',42,'Directivo 1');
INSERT INTO PREGUNTA (PRE_ID,FORM_ID,PRE_TEXT) VALUES
	 ('DIR002',42,'Directivo 2'),
	 ('DIR003',42,'Directivo 3');

INSERT INTO EVALUACION (EVAL_ID,EVAL_ESTADO,EVAL_FECHA_FIN,EVAL_FECHA_INICIO,PER_ID) VALUES
	 (2,'ACTIVO',TIMESTAMP'2024-02-20 00:00:00',TIMESTAMP'2024-01-01 00:00:00',1);

INSERT INTO PERIODO (PER_ID,DESCRIPCION,ESTADO) VALUES
	 (1,'202351-PREGRADO S-II NOV 23 - MAR 24','ACTIVO');

INSERT INTO DOCENTE (DOC_ID,DOC_APELLIDOS,DOC_CEDULA,DOC_NOMBRES,DOC_ESCALAFON,DOC_CAMPUS,DOC_DEPARTAMENTO) VALUES
	 ('L00789521','Jácome','1856926534','Juan','OCASIONAL','ESPE MATRIZ SANGOLQUI','CIENCIAS DE LA COMPUTACIÓN'),
	 ('L00458231','Paredes','1739342913','Jose','OCASIONAL','ESPE MATRIZ SANGOLQUI','CIENCIAS DE LA COMPUTACIÓN'),
	 ('L00478596','Salazar','1717171717','Gustavo','OCASIONAL','ESPE MATRIZ SANGOLQUI','CIENCIAS DE LA COMPUTACIÓN');

INSERT INTO DOCENTE_RELACION (DOC_REL_CODIGO,DOC_ID_DOCENTE,DOC_ID_JEFE,DOC_REL_ESTADO,DOC_AREA) VALUES
	 (102,'L00789521','L00478596','ACTIVO','PROGRAMACIÓN'),
	 (101,'L00458231','L00478596','ACTIVO','PROGRAMACIÓN');

